trajectory_id,turn,correctness,speedup,arch_tag
exp_000,0,Correct,0.015333398584669849,A
exp_000,1,Compilation error,,
exp_000,2,Correct,0.1700954554040824,"H, B"
exp_000,3,Correct,0.17864401141850678,"H, B"
exp_000,4,Numerical error,0.0,
exp_000,5,Correct,0.15265330200315363,"H, B"
exp_000,6,Kernel Execution Timeout,0.0,
exp_000,7,Numerical error,0.0,
exp_001,0,Correct,0.009498185482330572,G
exp_001,1,Correct,0.05565401398045345,A
exp_001,2,Correct,0.1630070503324735,A
exp_001,3,Correct,0.19632478203743156,A
exp_001,4,Correct,0.20452541360063245,A
exp_001,5,Correct,0.1942215335340355,A
exp_001,6,Correct,0.2146052015299392,A
exp_001,7,Correct,0.20116481521595256,A
exp_002,0,Correct,0.013961369676622303,A
exp_002,1,Correct,0.041701091803523334,A
exp_002,2,Correct,0.03980712131208592,A
exp_002,3,Correct,0.1597296373800339,A
exp_002,4,Correct,0.14222533773568632,A
exp_002,5,Correct,0.1584876204877178,A
exp_002,6,Correct,0.17005902070378603,A
exp_002,7,Correct,0.1638481409076046,A
exp_003,0,Correct,0.01663415631337716,A
exp_003,1,Numerical error,0.0,
exp_003,2,Correct,0.0895104558151235,"H, B"
exp_003,3,Correct,0.10544500439649304,"A, H, B"
exp_003,4,Correct,0.10744574509233977,"A, H, B"
exp_003,5,Correct,0.10920647961822312,"A, H, B"
exp_003,6,Correct,0.10568971031373774,"A, H, B"
exp_003,7,Correct,0.12096228181608629,"A, H, B"
exp_004,0,Correct,0.03750270702314969,A
exp_004,1,Other error,0.0,
exp_004,2,Other error,0.0,
exp_004,3,Correct,0.03422432162658588,A
exp_004,4,Correct,0.03556802053524552,A
exp_004,5,Correct,0.034281231414759375,A
exp_004,6,Correct,0.14711331274592154,A
exp_004,7,Correct,0.13838905464282153,A
exp_005,0,Correct,0.010670231629587053,A
exp_005,1,Correct,0.013845817982393446,A
exp_005,2,Correct,0.03367473049180479,A
exp_005,3,Correct,0.16662627512711453,A
exp_005,4,Correct,0.1342859132026021,A
exp_005,5,Correct,0.16139931291446175,A
exp_005,6,Correct,0.17858120572671055,A
exp_005,7,Correct,0.191315670014566,A
exp_006,0,Kernel Execution Timeout,0.0,
exp_006,1,Correct,0.02575174825902351,A
exp_006,2,Correct,0.03645028626648709,A
exp_006,3,Numerical error,0.0,
exp_006,4,Correct,0.05013005805789111,"H, B"
exp_006,5,Correct,0.10519139762027982,"A, H, B"
exp_006,6,Correct,0.12058964876130777,"A, H, B"
exp_006,7,Correct,0.11208989987894075,"A, H, B"
exp_007,0,Correct,0.03910818897727367,A
exp_007,1,Correct,0.09736348220091925,A
exp_007,2,Correct,0.18652902373768815,A
exp_007,3,Correct,0.18951475116680808,A
exp_007,4,Correct,0.16652636361766224,A
exp_007,5,Correct,0.18946591382694744,A
exp_007,6,Correct,0.19551632838763489,A
exp_007,7,Correct,0.21276098385842818,A
exp_008,0,Correct,0.04191322237110295,A
exp_008,1,Correct,0.15609891576288346,A
exp_008,2,Compilation error,,
exp_008,3,Correct,0.23162554184111125,"H, B"
exp_008,4,Correct,0.15710132381845024,"H, B"
exp_008,5,Kernel Execution Timeout,0.0,
exp_008,6,Correct,0.15816141401658526,"H, B"
exp_008,7,Correct,0.23338161667067678,"H, B"
exp_009,0,Correct,0.03854160897445933,A
exp_009,1,Correct,0.040464738812249296,A
exp_009,2,Compilation error,,
exp_009,3,Correct,0.18497687665114915,"H, B"
exp_009,4,Correct,0.18676881112392438,"H, B"
exp_009,5,Correct,0.19622711286637923,"H, B"
exp_009,6,Correct,0.1671412622301594,"H, B"
exp_009,7,Correct,0.19053238065291264,"H, B"
exp_010,0,Correct,0.04161530168110969,A
exp_010,1,Compilation error,,
exp_010,2,Correct,0.05432551713660922,"H, B"
exp_010,3,Correct,0.16104089804450109,"H, B"
exp_010,4,Kernel Execution Timeout,0.0,
exp_010,5,Correct,0.15071819558438562,"H, B"
exp_010,6,Correct,0.2510345732035864,"H, B"
exp_010,7,Correct,0.2691799302065821,"H, B"
exp_011,0,Correct,0.0335698545053059,A
exp_011,1,Correct,0.17938362594809235,A
exp_011,2,Numerical error,0.0,
exp_011,3,Numerical error,0.0,
exp_011,4,Correct,0.10107241899601387,"A, H, B"
exp_011,5,Correct,0.11895531104098403,"A, H, B"
exp_011,6,Correct,0.10665282231024303,"A, H, B"
exp_011,7,Correct,0.11655042421066453,"A, H, B"
